ukgridcode,x,y,nox2005
758850,529500,200500,37.07829
758851,530500,200500,36.99453
758852,531500,200500,36.95691
758853,532500,200500,37.40347
759538,527500,199500,40.17741
759539,528500,199500,38.70313
759540,529500,199500,38.55695
759541,530500,199500,38.84579
759542,531500,199500,39.32269
759543,532500,199500,39.90884
759544,533500,199500,42.43106
759545,534500,199500,46.88065
759546,535500,199500,51.70338
759547,536500,199500,51.75218
759548,537500,199500,50.21334
760227,526500,198500,34.01913
760228,527500,198500,30.05096
760229,528500,198500,28.7461
760230,529500,198500,28.27587
760231,530500,198500,29.85047
760232,531500,198500,31.83697
760233,532500,198500,33.16981
760234,533500,198500,37.08306
760235,534500,198500,40.24518
760236,535500,198500,47.4413
760237,536500,198500,48.02379
760238,537500,198500,48.01234
760915,524500,197500,33.53872
760916,525500,197500,35.10298
760917,526500,197500,34.00253
760918,527500,197500,33.17959
760919,528500,197500,31.50322
760920,529500,197500,31.17215
760921,530500,197500,33.48926
760922,531500,197500,36.73601
760923,532500,197500,38.57648
760924,533500,197500,42.45889
760925,534500,197500,43.53368
760926,535500,197500,48.86447
760927,536500,197500,47.05584
760928,537500,197500,40.60543
761602,521500,196500,34.75631
761603,522500,196500,33.75561
761604,523500,196500,35.00294
761605,524500,196500,37.28505
761606,525500,196500,39.45824
761607,526500,196500,38.80537
761608,527500,196500,38.3861
761609,528500,196500,36.53651
761610,529500,196500,35.9403
761611,530500,196500,37.36336
761612,531500,196500,39.98433
761613,532500,196500,41.89013
761614,533500,196500,46.57722
761615,534500,196500,47.55396
761616,535500,196500,54.22672
761617,536500,196500,50.56332
761618,537500,196500,43.50982
762292,521500,195500,35.10509
762293,522500,195500,34.02971
762294,523500,195500,35.68259
762295,524500,195500,37.91937
762296,525500,195500,40.88463
762297,526500,195500,40.99231
762298,527500,195500,41.89735
762299,528500,195500,40.78477
762300,529500,195500,40.26049
762301,530500,195500,40.58156
762302,531500,195500,41.4072
762303,532500,195500,43.49916
762304,533500,195500,48.37451
762305,534500,195500,49.3396
762306,535500,195500,53.16472
762307,536500,195500,47.63392
762308,537500,195500,44.14307
762309,538500,195500,37.88354
762977,516500,194500,40.28079
762980,519500,194500,38.82722
762981,520500,194500,38.82766
762982,521500,194500,36.78544
762983,522500,194500,33.29731
762984,523500,194500,33.49863
762985,524500,194500,35.32476
762986,525500,194500,39.19991
762987,526500,194500,41.5679
762988,527500,194500,43.21739
762989,528500,194500,42.93154
762990,529500,194500,42.57053
762991,530500,194500,43.42628
762992,531500,194500,43.58519
762993,532500,194500,45.4793
762994,533500,194500,47.57631
762995,534500,194500,48.93791
762996,535500,194500,48.93967
762997,536500,194500,45.94339
762998,537500,194500,43.9736
762999,538500,194500,41.90858
763000,539500,194500,40.08449
763014,553500,194500,38.66867
763655,504500,193500,33.07721
763666,515500,193500,35.34142
763667,516500,193500,37.44944
763668,517500,193500,39.02602
763669,518500,193500,40.46619
763670,519500,193500,43.47691
763671,520500,193500,43.91314
763672,521500,193500,41.13501
763673,522500,193500,35.98288
763674,523500,193500,34.44573
763675,524500,193500,35.41379
763676,525500,193500,39.86925
763677,526500,193500,42.73172
763678,527500,193500,45.1699
763679,528500,193500,45.43674
763680,529500,193500,46.34656
763681,530500,193500,48.59112
763682,531500,193500,51.75833
763683,532500,193500,54.28865
763684,533500,193500,55.12418
763685,534500,193500,55.46154
763686,535500,193500,52.46587
763687,536500,193500,50.22353
763688,537500,193500,46.61985
763689,538500,193500,46.2772
763690,539500,193500,44.28945
763691,540500,193500,42.30553
763698,547500,193500,32.21262
763699,548500,193500,30.23028
763700,549500,193500,28.35386
763701,550500,193500,28.69391
763702,551500,193500,28.32565
763703,552500,193500,30.13551
763704,553500,193500,36.23567
763705,554500,193500,41.53845
763706,555500,193500,46.20504
764345,504500,192500,28.28412
764346,505500,192500,26.61147
764354,513500,192500,34.62863
764355,514500,192500,35.2003
764356,515500,192500,36.1975
764357,516500,192500,38.17852
764358,517500,192500,39.27266
764359,518500,192500,42.62211
764360,519500,192500,46.02706
764361,520500,192500,47.73406
764362,521500,192500,44.66486
764363,522500,192500,39.84578
764364,523500,192500,37.29864
764365,524500,192500,38.81034
764366,525500,192500,43.3083
764367,526500,192500,46.49778
764368,527500,192500,48.51059
764369,528500,192500,48.09777
764370,529500,192500,49.49282
764371,530500,192500,50.48522
764372,531500,192500,53.57452
764373,532500,192500,55.79996
764374,533500,192500,57.60664
764375,534500,192500,57.92324
764376,535500,192500,55.56253
764377,536500,192500,53.70186
764378,537500,192500,50.26154
764379,538500,192500,48.45707
764380,539500,192500,46.5365
764381,540500,192500,47.23721
764382,541500,192500,48.16854
764386,545500,192500,37.56307
764387,546500,192500,35.99496
764388,547500,192500,34.04046
764389,548500,192500,32.72671
764390,549500,192500,31.57275
764391,550500,192500,31.86876
764392,551500,192500,30.99852
764393,552500,192500,32.35863
764394,553500,192500,34.84554
764395,554500,192500,41.37564
764396,555500,192500,45.63333
764397,556500,192500,48.08153
765035,504500,191500,26.89573
765036,505500,191500,26.6101
765037,506500,191500,27.28473
765038,507500,191500,28.57647
765039,508500,191500,31.69175
765040,509500,191500,33.91843
765041,510500,191500,35.59221
765042,511500,191500,36.26878
765043,512500,191500,36.68289
765044,513500,191500,37.65688
765045,514500,191500,39.97116
765046,515500,191500,41.43316
765047,516500,191500,42.92704
765048,517500,191500,43.08868
765049,518500,191500,46.08091
765050,519500,191500,47.93627
765051,520500,191500,49.23925
765052,521500,191500,47.09457
765053,522500,191500,43.91494
765054,523500,191500,42.02913
765055,524500,191500,43.6045
765056,525500,191500,47.68293
765057,526500,191500,48.56076
765058,527500,191500,49.63237
765059,528500,191500,49.15941
765060,529500,191500,52.63742
765061,530500,191500,53.67473
765062,531500,191500,57.33273
765063,532500,191500,59.78615
765064,533500,191500,60.94084
765065,534500,191500,59.90618
765066,535500,191500,57.76807
765067,536500,191500,56.82537
765068,537500,191500,55.84628
765069,538500,191500,54.49025
765070,539500,191500,54.05727
765071,540500,191500,55.79256
765072,541500,191500,54.23653
765073,542500,191500,49.48144
765074,543500,191500,44.12475
765075,544500,191500,40.47698
765076,545500,191500,39.29712
765077,546500,191500,36.82003
765078,547500,191500,35.29338
765079,548500,191500,34.77818
765080,549500,191500,35.03004
765081,550500,191500,35.96251
765082,551500,191500,35.01539
765083,552500,191500,37.14162
765084,553500,191500,39.70882
765085,554500,191500,40.97813
765086,555500,191500,41.12838
765087,556500,191500,44.56004
765725,504500,190500,27.07073
765726,505500,190500,26.83334
765727,506500,190500,26.9577
765728,507500,190500,28.07783
765729,508500,190500,31.03792
765730,509500,190500,34.2418
765731,510500,190500,36.34486
765732,511500,190500,37.97046
765733,512500,190500,38.62874
765734,513500,190500,43.96411
765735,514500,190500,48.15863
765736,515500,190500,50.31732
765737,516500,190500,47.69027
765738,517500,190500,46.34405
765739,518500,190500,47.47737
765740,519500,190500,48.31313
765741,520500,190500,50.01483
765742,521500,190500,50.03857
765743,522500,190500,49.28631
765744,523500,190500,49.65831
765745,524500,190500,51.62059
765746,525500,190500,53.43731
765747,526500,190500,51.85816
765748,527500,190500,50.4458
765749,528500,190500,49.92233
765750,529500,190500,52.62366
765751,530500,190500,54.51923
765752,531500,190500,56.26342
765753,532500,190500,59.60997
765754,533500,190500,60.69852
765755,534500,190500,59.19629
765756,535500,190500,56.68929
765757,536500,190500,56.27812
765758,537500,190500,58.68325
765759,538500,190500,57.42336
765760,539500,190500,56.66679
765761,540500,190500,58.66491
765762,541500,190500,56.14777
765763,542500,190500,51.85702
765764,543500,190500,45.95306
765765,544500,190500,42.5787
765766,545500,190500,40.28674
765767,546500,190500,37.05691
765768,547500,190500,37.17231
765769,548500,190500,37.25414
765770,549500,190500,39.94522
765771,550500,190500,41.52866
765772,551500,190500,41.11207
765773,552500,190500,40.54254
765774,553500,190500,42.1009
765775,554500,190500,42.49035
765776,555500,190500,38.18344
765777,556500,190500,42.39555
766415,504500,189500,27.92093
766416,505500,189500,27.69255
766417,506500,189500,27.48179
766418,507500,189500,28.44667
766419,508500,189500,30.53689
766420,509500,189500,34.25641
766421,510500,189500,37.45966
766422,511500,189500,40.19675
766423,512500,189500,40.62156
766424,513500,189500,46.22457
766425,514500,189500,54.5767
766426,515500,189500,55.0595
766427,516500,189500,51.46497
766428,517500,189500,48.64565
766429,518500,189500,48.21137
766430,519500,189500,49.08847
766431,520500,189500,50.27985
766432,521500,189500,53.28072
766433,522500,189500,54.79032
766434,523500,189500,56.56696
766435,524500,189500,55.76331
766436,525500,189500,54.72346
766437,526500,189500,51.02569
766438,527500,189500,49.29148
766439,528500,189500,48.89058
766440,529500,189500,52.6048
766441,530500,189500,56.45146
766442,531500,189500,59.57854
766443,532500,189500,62.67683
766444,533500,189500,61.64386
766445,534500,189500,58.20905
766446,535500,189500,55.7252
766447,536500,189500,56.99834
766448,537500,189500,61.11593
766449,538500,189500,59.50246
766450,539500,189500,58.77492
766451,540500,189500,60.19379
766452,541500,189500,59.00043
766453,542500,189500,56.11504
766454,543500,189500,50.62593
766455,544500,189500,47.19634
766456,545500,189500,43.45072
766457,546500,189500,40.90129
766458,547500,189500,40.99964
766459,548500,189500,39.94531
766460,549500,189500,42.15296
766461,550500,189500,44.96289
766462,551500,189500,45.54839
766463,552500,189500,44.16699
766464,553500,189500,41.2682
766465,554500,189500,39.53859
766466,555500,189500,35.66494
766467,556500,189500,39.11733
766468,557500,189500,44.08141
767105,504500,188500,28.52609
767106,505500,188500,28.2423
767107,506500,188500,27.90212
767108,507500,188500,29.94881
767109,508500,188500,32.47709
767110,509500,188500,36.30681
767111,510500,188500,38.78912
767112,511500,188500,41.27671
767113,512500,188500,42.55352
767114,513500,188500,47.89519
767115,514500,188500,52.70794
767116,515500,188500,54.55769
767117,516500,188500,51.07405
767118,517500,188500,48.79725
767119,518500,188500,47.55784
767120,519500,188500,48.47628
767121,520500,188500,49.58887
767122,521500,188500,55.31953
767123,522500,188500,59.3875
767124,523500,188500,62.22205
767125,524500,188500,59.22708
767126,525500,188500,54.43334
767127,526500,188500,50.36275
767128,527500,188500,49.25174
767129,528500,188500,51.3182
767130,529500,188500,54.67253
767131,530500,188500,57.8094
767132,531500,188500,60.16256
767133,532500,188500,63.41928
767134,533500,188500,62.47
767135,534500,188500,58.59081
767136,535500,188500,56.99389
767137,536500,188500,58.64777
767138,537500,188500,62.18906
767139,538500,188500,61.00492
767140,539500,188500,58.1273
767141,540500,188500,56.95722
767142,541500,188500,56.40326
767143,542500,188500,55.88617
767144,543500,188500,54.2807
767145,544500,188500,50.58741
767146,545500,188500,48.36912
767147,546500,188500,46.7256
767148,547500,188500,48.45048
767149,548500,188500,45.58744
767150,549500,188500,47.11861
767151,550500,188500,47.2067
767152,551500,188500,48.36204
767153,552500,188500,45.21774
767154,553500,188500,41.55095
767155,554500,188500,38.95962
767156,555500,188500,36.05187
767157,556500,188500,36.69976
767158,557500,188500,45.86464
767159,558500,188500,44.95994
767796,505500,187500,29.79554
767797,506500,187500,30.06641
767798,507500,187500,32.89284
767799,508500,187500,35.70419
767800,509500,187500,38.96264
767801,510500,187500,40.92569
767802,511500,187500,42.64303
767803,512500,187500,43.71973
767804,513500,187500,45.44026
767805,514500,187500,48.86502
767806,515500,187500,49.57882
767807,516500,187500,49.72669
767808,517500,187500,48.25267
767809,518500,187500,48.69227
767810,519500,187500,49.59933
767811,520500,187500,52.01135
767812,521500,187500,57.7106
767813,522500,187500,61.28214
767814,523500,187500,62.25308
767815,524500,187500,56.7294
767816,525500,187500,51.80455
767817,526500,187500,47.21039
767818,527500,187500,46.99792
767819,528500,187500,51.20903
767820,529500,187500,57.5348
767821,530500,187500,61.64587
767822,531500,187500,62.18564
767823,532500,187500,63.55873
767824,533500,187500,61.78931
767825,534500,187500,57.80849
767826,535500,187500,54.69258
767827,536500,187500,56.14976
767828,537500,187500,61.53185
767829,538500,187500,63.72791
767830,539500,187500,61.0547
767831,540500,187500,57.27837
767832,541500,187500,55.36883
767833,542500,187500,58.90857
767834,543500,187500,60.06612
767835,544500,187500,57.85831
767836,545500,187500,53.20168
767837,546500,187500,50.19371
767838,547500,187500,51.60198
767839,548500,187500,48.97492
767840,549500,187500,48.05512
767841,550500,187500,45.87315
767842,551500,187500,45.76638
767843,552500,187500,44.4305
767844,553500,187500,41.46943
767845,554500,187500,39.72667
767846,555500,187500,37.35469
767847,556500,187500,36.07847
767848,557500,187500,47.56095
767849,558500,187500,46.07081
767850,559500,187500,43.84269
768486,505500,186500,37.06062
768487,506500,186500,36.81519
768488,507500,186500,37.36672
768489,508500,186500,37.75979
768490,509500,186500,39.13193
768491,510500,186500,42.66021
768492,511500,186500,44.33172
768493,512500,186500,45.46556
768494,513500,186500,45.94957
768495,514500,186500,47.52805
768496,515500,186500,48.48209
768497,516500,186500,49.17421
768498,517500,186500,50.31088
768499,518500,186500,50.6831
768500,519500,186500,52.06176
768501,520500,186500,55.23211
768502,521500,186500,59.0842
768503,522500,186500,61.32514
768504,523500,186500,60.18827
768505,524500,186500,57.49434
768506,525500,186500,54.05064
768507,526500,186500,51.58787
768508,527500,186500,50.57119
768509,528500,186500,55.57765
768510,529500,186500,61.53871
768511,530500,186500,65.94463
768512,531500,186500,65.65772
768513,532500,186500,66.01466
768514,533500,186500,64.97831
768515,534500,186500,62.67827
768516,535500,186500,59.40443
768517,536500,186500,59.05219
768518,537500,186500,61.84062
768519,538500,186500,65.48307
768520,539500,186500,63.06441
768521,540500,186500,57.81472
768522,541500,186500,54.52752
768523,542500,186500,59.17382
768524,543500,186500,61.0766
768525,544500,186500,58.68974
768526,545500,186500,53.23055
768527,546500,186500,51.12633
768528,547500,186500,52.45262
768529,548500,186500,50.43036
768530,549500,186500,52.06606
768531,550500,186500,47.25246
768532,551500,186500,46.50059
768533,552500,186500,42.58991
768534,553500,186500,41.61414
768535,554500,186500,39.74504
768536,555500,186500,37.12931
768537,556500,186500,35.45042
768538,557500,186500,46.06419
768539,558500,186500,43.4538
768540,559500,186500,41.14477
768541,560500,186500,27.95312
769177,506500,185500,42.59602
769178,507500,185500,42.01556
769179,508500,185500,42.32513
769180,509500,185500,42.77179
769181,510500,185500,45.54048
769182,511500,185500,47.04128
769183,512500,185500,47.46556
769184,513500,185500,48.0743
769185,514500,185500,48.77737
769186,515500,185500,49.15135
769187,516500,185500,49.19686
769188,517500,185500,51.09516
769189,518500,185500,53.43089
769190,519500,185500,56.04701
769191,520500,185500,60.48228
769192,521500,185500,61.44546
769193,522500,185500,60.78228
769194,523500,185500,58.64592
769195,524500,185500,58.06308
769196,525500,185500,58.85461
769197,526500,185500,57.77325
769198,527500,185500,57.87604
769199,528500,185500,61.21545
769200,529500,185500,66.60643
769201,530500,185500,71.60104
769202,531500,185500,71.71243
769203,532500,185500,71.55285
769204,533500,185500,70.21629
769205,534500,185500,68.04752
769206,535500,185500,66.85564
769207,536500,185500,64.53028
769208,537500,185500,65.3668
769209,538500,185500,65.05303
769210,539500,185500,63.55746
769211,540500,185500,60.27082
769212,541500,185500,57.70554
769213,542500,185500,63.82248
769214,543500,185500,64.24637
769215,544500,185500,61.62954
769216,545500,185500,52.83438
769217,546500,185500,49.70986
769218,547500,185500,48.70916
769219,548500,185500,47.93974
769220,549500,185500,49.03498
769221,550500,185500,45.76523
769222,551500,185500,43.73043
769223,552500,185500,39.26627
769224,553500,185500,38.28592
769225,554500,185500,36.77483
769226,555500,185500,35.2117
769227,556500,185500,34.00695
769228,557500,185500,44.9011
769229,558500,185500,42.62184
769230,559500,185500,41.09767
769231,560500,185500,28.07364
769232,561500,185500,26.89264
769866,505500,184500,47.3966
769867,506500,184500,46.83332
769868,507500,184500,43.43478
769869,508500,184500,42.38828
769870,509500,184500,41.36563
769871,510500,184500,44.79681
769872,511500,184500,47.84142
769873,512500,184500,51.13539
769874,513500,184500,52.85285
769875,514500,184500,53.78569
769876,515500,184500,52.85673
769877,516500,184500,52.26022
769878,517500,184500,55.6885
769879,518500,184500,59.75808
769880,519500,184500,63.88733
769881,520500,184500,65.08912
769882,521500,184500,63.15954
769883,522500,184500,59.86757
769884,523500,184500,58.33843
769885,524500,184500,60.31256
769886,525500,184500,62.62949
769887,526500,184500,62.48863
769888,527500,184500,62.68225
769889,528500,184500,64.82092
769890,529500,184500,68.68454
769891,530500,184500,73.77644
769892,531500,184500,74.32735
769893,532500,184500,74.78849
769894,533500,184500,72.91094
769895,534500,184500,70.3066
769896,535500,184500,70.43235
769897,536500,184500,69.80132
769898,537500,184500,68.27738
769899,538500,184500,66.27588
769900,539500,184500,63.80986
769901,540500,184500,64.06233
769902,541500,184500,63.97388
769903,542500,184500,68.14268
769904,543500,184500,66.98434
769905,544500,184500,64.36044
769906,545500,184500,56.88797
769907,546500,184500,53.76861
769908,547500,184500,51.64159
769909,548500,184500,56.14716
769910,549500,184500,57.14923
769911,550500,184500,53.22774
769912,551500,184500,44.31965
769913,552500,184500,39.27959
769914,553500,184500,36.9667
769915,554500,184500,34.00387
769916,555500,184500,32.06628
769917,556500,184500,32.84082
769918,557500,184500,43.46733
769919,558500,184500,42.18159
770556,505500,183500,48.1209
770557,506500,183500,46.19487
770558,507500,183500,45.00026
770559,508500,183500,46.01736
770560,509500,183500,44.81873
770561,510500,183500,47.6348
770562,511500,183500,49.5144
770563,512500,183500,52.7501
770564,513500,183500,53.83863
770565,514500,183500,54.50978
770566,515500,183500,54.2071
770567,516500,183500,53.31416
770568,517500,183500,57.12924
770569,518500,183500,64.15868
770570,519500,183500,69.13203
770571,520500,183500,68.80756
770572,521500,183500,63.48359
770573,522500,183500,59.85773
770574,523500,183500,61.0214
770575,524500,183500,62.64334
770576,525500,183500,66.07394
770577,526500,183500,65.11758
770578,527500,183500,66.0863
770579,528500,183500,70.31277
770580,529500,183500,75.58341
770581,530500,183500,82.35334
770582,531500,183500,82.28099
770583,532500,183500,83.35232
770584,533500,183500,79.23931
770585,534500,183500,74.16746
770586,535500,183500,72.84367
770587,536500,183500,71.686
770588,537500,183500,69.99627
770589,538500,183500,65.86996
770590,539500,183500,63.13028
770591,540500,183500,63.27262
770592,541500,183500,64.80177
770593,542500,183500,68.25002
770594,543500,183500,66.40511
770595,544500,183500,63.6841
770596,545500,183500,55.74484
770597,546500,183500,51.38266
770598,547500,183500,48.28252
770599,548500,183500,53.88354
770600,549500,183500,55.79421
770601,550500,183500,51.46492
770602,551500,183500,42.49253
770603,552500,183500,39.48344
770604,553500,183500,36.27592
770605,554500,183500,32.6352
770606,555500,183500,30.48004
770607,556500,183500,35.94648
771246,505500,182500,51.79436
771247,506500,182500,45.96648
771248,507500,182500,45.85114
771249,508500,182500,46.40611
771250,509500,182500,45.67938
771251,510500,182500,49.30001
771252,511500,182500,50.69559
771253,512500,182500,53.22346
771254,513500,182500,52.84958
771255,514500,182500,54.19279
771256,515500,182500,55.21222
771257,516500,182500,56.48502
771258,517500,182500,60.88976
771259,518500,182500,65.85345
771260,519500,182500,70.75143
771261,520500,182500,69.25794
771262,521500,182500,63.93228
771263,522500,182500,61.99847
771264,523500,182500,65.87888
771265,524500,182500,70.58449
771266,525500,182500,74.66548
771267,526500,182500,77.05007
771268,527500,182500,80.22512
771269,528500,182500,87.43004
771270,529500,182500,92.90632
771271,530500,182500,101.6862
771272,531500,182500,102.053
771273,532500,182500,99.88564
771274,533500,182500,91.0512
771275,534500,182500,80.31203
771276,535500,182500,74.02858
771277,536500,182500,70.94464
771278,537500,182500,69.80755
771279,538500,182500,69.25009
771280,539500,182500,66.61056
771281,540500,182500,64.91599
771282,541500,182500,63.47867
771283,542500,182500,65.14299
771284,543500,182500,61.90591
771285,544500,182500,61.05779
771286,545500,182500,51.55252
771287,546500,182500,47.94387
771288,547500,182500,45.01498
771289,548500,182500,50.35875
771290,549500,182500,50.31365
771291,550500,182500,49.95839
771292,551500,182500,43.37792
771293,552500,182500,41.79193
771294,553500,182500,37.72608
771295,554500,182500,32.86771
771296,555500,182500,30.64235
771297,556500,182500,40.15794
771936,505500,181500,53.55512
771937,506500,181500,46.53436
771938,507500,181500,48.60495
771939,508500,181500,47.51122
771940,509500,181500,48.79366
771941,510500,181500,52.18496
771942,511500,181500,53.42072
771943,512500,181500,52.99227
771944,513500,181500,53.02559
771945,514500,181500,54.33484
771946,515500,181500,56.69776
771947,516500,181500,58.41921
771948,517500,181500,60.41076
771949,518500,181500,62.4706
771950,519500,181500,64.94972
771951,520500,181500,65.51034
771952,521500,181500,63.53563
771953,522500,181500,64.85764
771954,523500,181500,69.09431
771955,524500,181500,73.89503
771956,525500,181500,76.00094
771957,526500,181500,78.8932
771958,527500,181500,83.94109
771959,528500,181500,95.77682
771960,529500,181500,104.9663
771961,530500,181500,112.1835
771962,531500,181500,112.7225
771963,532500,181500,105.5916
771964,533500,181500,95.29417
771965,534500,181500,82.11413
771966,535500,181500,74.78745
771967,536500,181500,71.46185
771968,537500,181500,72.75426
771969,538500,181500,69.94125
771970,539500,181500,67.01464
771971,540500,181500,61.22438
771972,541500,181500,64.92148
771973,542500,181500,66.73723
771974,543500,181500,61.23272
771975,544500,181500,52.08842
771980,549500,181500,MISSING
771981,550500,181500,42.36025
771982,551500,181500,43.14083
771983,552500,181500,42.25699
771984,553500,181500,40.63339
771985,554500,181500,37.05851
771986,555500,181500,34.2383
772626,505500,180500,54.67125
772627,506500,180500,47.79832
772628,507500,180500,50.54171
772629,508500,180500,51.1014
772630,509500,180500,56.52019
772631,510500,180500,58.71262
772632,511500,180500,59.61271
772633,512500,180500,56.23201
772634,513500,180500,56.56898
772635,514500,180500,55.82913
772636,515500,180500,56.04132
772637,516500,180500,58.33599
772638,517500,180500,59.06379
772639,518500,180500,58.60698
772640,519500,180500,60.31692
772641,520500,180500,62.73494
772642,521500,180500,63.80566
772643,522500,180500,68.14653
772644,523500,180500,71.4751
772645,524500,180500,76.74274
772646,525500,180500,76.66309
772647,526500,180500,81.61759
772648,527500,180500,88.74471
772649,528500,180500,100.103
772650,529500,180500,107.3677
772651,530500,180500,112.6057
772652,531500,180500,110.7659
772654,533500,180500,91.37873
772655,534500,180500,78.13798
772658,537500,180500,68.04812
772659,538500,180500,68.25147
772661,540500,180500,57.78576
772662,541500,180500,57.60043
772663,542500,180500,60.28965
772664,543500,180500,54.59814
772666,545500,180500,44.085
772667,546500,180500,44.58623
772668,547500,180500,41.65756
772669,548500,180500,45.65152
772670,549500,180500,43.34677
772672,551500,180500,40.46239
772673,552500,180500,39.06606
772674,553500,180500,38.72181
772675,554500,180500,38.46505
773316,505500,179500,63.27999
773317,506500,179500,55.57832
773318,507500,179500,57.8721
773319,508500,179500,58.51559
773320,509500,179500,63.88683
773321,510500,179500,65.98151
773322,511500,179500,63.28603
773323,512500,179500,58.61375
773324,513500,179500,59.49708
773325,514500,179500,58.28056
773326,515500,179500,57.86116
773327,516500,179500,60.75481
773328,517500,179500,61.97027
773329,518500,179500,63.078
773330,519500,179500,62.63211
773331,520500,179500,66.12521
773332,521500,179500,66.57442
773333,522500,179500,73.49294
773334,523500,179500,74.46957
773335,524500,179500,78.0461
773336,525500,179500,74.13563
773337,526500,179500,76.00929
773338,527500,179500,80.07505
773339,528500,179500,90.03542
773340,529500,179500,96.48328
773342,531500,179500,94.14445
773343,532500,179500,88.5583
773344,533500,179500,80.04546
773345,534500,179500,71.72175
773346,535500,179500,71.61481
773347,536500,179500,68.31321
773348,537500,179500,67.40607
773350,539500,179500,65.75958
773355,544500,179500,52.2188
773356,545500,179500,49.19813
773357,546500,179500,48.95272
773358,547500,179500,45.00937
773359,548500,179500,46.53172
773360,549500,179500,46.31824
773361,550500,179500,44.29443
773363,552500,179500,37.26372
773364,553500,179500,36.12339
774006,505500,178500,61.43152
774007,506500,178500,53.7122
774008,507500,178500,56.2007
774009,508500,178500,59.51537
774010,509500,178500,63.68428
774011,510500,178500,65.04115
774012,511500,178500,65.04533
774013,512500,178500,59.8619
774014,513500,178500,55.93522
774015,514500,178500,53.32383
774016,515500,178500,53.81363
774017,516500,178500,58.86158
774018,517500,178500,60.29824
774019,518500,178500,60.53513
774020,519500,178500,59.97615
774021,520500,178500,63.77948
774022,521500,178500,63.15423
774023,522500,178500,68.95448
774024,523500,178500,70.93777
774025,524500,178500,75.28418
774026,525500,178500,74.86342
774027,526500,178500,76.6583
774028,527500,178500,78.48614
774029,528500,178500,81.20652
774030,529500,178500,84.46517
774031,530500,178500,87.29331
774032,531500,178500,84.95863
774033,532500,178500,80.07649
774034,533500,178500,74.03514
774035,534500,178500,68.72938
774036,535500,178500,71.17122
774037,536500,178500,66.21015
774038,537500,178500,62.72549
774039,538500,178500,64.85041
774040,539500,178500,64.55909
774041,540500,178500,57.1182
774042,541500,178500,51.96211
774043,542500,178500,49.92588
774044,543500,178500,49.42259
774045,544500,178500,51.58227
774046,545500,178500,50.09977
774047,546500,178500,48.8173
774048,547500,178500,44.95203
774049,548500,178500,47.0891
774050,549500,178500,46.67169
774051,550500,178500,45.39586
774695,504500,177500,65.4836
774696,505500,177500,67.02564
774697,506500,177500,72.11245
774698,507500,177500,82.56229
774699,508500,177500,82.38897
774700,509500,177500,71.80578
774701,510500,177500,64.12914
774702,511500,177500,64.14726
774703,512500,177500,59.03549
774704,513500,177500,54.14681
774705,514500,177500,52.77569
774706,515500,177500,53.63005
774707,516500,177500,56.49632
774708,517500,177500,56.93023
774709,518500,177500,56.6305
774711,520500,177500,58.91368
774712,521500,177500,58.03463
774713,522500,177500,61.69201
774714,523500,177500,65.51018
774715,524500,177500,70.95542
774716,525500,177500,73.84421
774717,526500,177500,73.5896
774719,528500,177500,73.00226
774720,529500,177500,75.89913
774721,530500,177500,77.32185
774722,531500,177500,77.32581
774723,532500,177500,73.01279
774724,533500,177500,72.6509
774725,534500,177500,69.04456
774726,535500,177500,73.74799
774727,536500,177500,69.33828
774728,537500,177500,65.96516
774729,538500,177500,64.81927
774730,539500,177500,66.27068
774731,540500,177500,59.49659
774732,541500,177500,56.65383
774733,542500,177500,53.09271
774734,543500,177500,50.67731
774735,544500,177500,50.57856
774736,545500,177500,48.13186
774737,546500,177500,47.16018
774738,547500,177500,44.77939
774739,548500,177500,43.73221
774740,549500,177500,42.88474
774741,550500,177500,43.26409
774742,551500,177500,40.91984
774743,552500,177500,37.16043
774744,553500,177500,33.5636
775385,504500,176500,67.48185
775386,505500,176500,70.19881
775387,506500,176500,92.63818
775388,507500,176500,109.4549
775389,508500,176500,101.263
775390,509500,176500,78.42152
775391,510500,176500,63.11244
775392,511500,176500,64.67487
775393,512500,176500,60.94027
775394,513500,176500,55.61931
775395,514500,176500,53.88628
775396,515500,176500,52.70908
775397,516500,176500,52.42264
775398,517500,176500,52.41183
775399,518500,176500,51.5935
775400,519500,176500,53.90116
775401,520500,176500,55.56649
775403,522500,176500,54.99219
775405,524500,176500,61.84063
775406,525500,176500,66.44296
775408,527500,176500,68.5216
775409,528500,176500,67.73415
775410,529500,176500,69.77029
775411,530500,176500,71.46775
775412,531500,176500,71.70477
775413,532500,176500,67.66408
775414,533500,176500,67.93538
775415,534500,176500,65.53036
775416,535500,176500,70.88778
775417,536500,176500,68.00883
775418,537500,176500,67.73625
775419,538500,176500,65.10459
775420,539500,176500,64.0675
775421,540500,176500,56.32912
775422,541500,176500,56.0658
775423,542500,176500,53.60058
775424,543500,176500,49.97951
775425,544500,176500,49.31329
775426,545500,176500,47.29501
775427,546500,176500,47.00679
775428,547500,176500,45.74816
775429,548500,176500,45.92476
775430,549500,176500,44.38036
775431,550500,176500,44.57494
775432,551500,176500,43.21399
775433,552500,176500,41.32415
775434,553500,176500,38.29159
776075,504500,175500,66.46035
776076,505500,175500,67.39326
776077,506500,175500,101.1778
776078,507500,175500,126.8554
776079,508500,175500,117.7715
776080,509500,175500,89.29877
776081,510500,175500,63.20609
776082,511500,175500,62.49699
776083,512500,175500,57.78321
776084,513500,175500,54.7797
776085,514500,175500,55.64746
776086,515500,175500,53.32489
776087,516500,175500,51.8022
776088,517500,175500,52.03165
776089,518500,175500,49.96657
776090,519500,175500,51.01578
776091,520500,175500,49.86688
776092,521500,175500,50.64248
776093,522500,175500,51.70123
776094,523500,175500,56.49506
776097,526500,175500,66.50562
776098,527500,175500,66.64455
776099,528500,175500,67.06493
776100,529500,175500,68.08927
776101,530500,175500,67.88589
776102,531500,175500,67.44274
776103,532500,175500,64.73232
776104,533500,175500,64.58277
776105,534500,175500,61.72435
776106,535500,175500,66.25109
776107,536500,175500,64.74646
776108,537500,175500,65.49711
776109,538500,175500,64.29828
776110,539500,175500,62.17999
776111,540500,175500,55.03105
776112,541500,175500,55.73471
776113,542500,175500,54.25912
776114,543500,175500,50.17965
776115,544500,175500,48.66503
776116,545500,175500,48.76437
776117,546500,175500,49.54173
776118,547500,175500,48.23606
776119,548500,175500,47.77628
776120,549500,175500,45.52561
776121,550500,175500,44.60988
776122,551500,175500,42.58576
776123,552500,175500,41.82725
776767,506500,174500,79.6916
776768,507500,174500,97.53077
776769,508500,174500,92.9994
776770,509500,174500,75.84374
776771,510500,174500,58.4202
776772,511500,174500,57.98102
776773,512500,174500,54.08816
776774,513500,174500,53.24704
776775,514500,174500,56.5017
776776,515500,174500,54.86277
776777,516500,174500,53.26579
776778,517500,174500,53.3118
776779,518500,174500,48.47672
776780,519500,174500,48.34422
776781,520500,174500,45.7346
776782,521500,174500,48.07454
776783,522500,174500,51.1969
776784,523500,174500,55.36543
776785,524500,174500,58.80786
776786,525500,174500,59.93147
776787,526500,174500,62.12537
776788,527500,174500,62.71405
776789,528500,174500,64.1164
776790,529500,174500,66.35905
776791,530500,174500,66.47957
776792,531500,174500,63.71186
776793,532500,174500,59.4833
776794,533500,174500,57.57588
776795,534500,174500,56.35234
776796,535500,174500,55.51147
776797,536500,174500,55.61631
776798,537500,174500,57.18161
776799,538500,174500,56.42509
776800,539500,174500,53.64107
776801,540500,174500,52.91128
776802,541500,174500,53.20956
776803,542500,174500,52.28076
776804,543500,174500,49.05173
776805,544500,174500,47.82151
776806,545500,174500,47.57074
776807,546500,174500,47.97847
776808,547500,174500,46.57022
776809,548500,174500,46.16185
776810,549500,174500,44.66898
776811,550500,174500,43.95674
776812,551500,174500,42.68565
777458,507500,173500,62.22802
777459,508500,173500,62.91019
777460,509500,173500,60.67087
777461,510500,173500,52.66923
777462,511500,173500,53.61392
777463,512500,173500,49.82037
777464,513500,173500,50.11615
777465,514500,173500,51.37245
777466,515500,173500,51.86494
777467,516500,173500,50.77538
777468,517500,173500,48.577
777469,518500,173500,42.55782
777470,519500,173500,39.30789
777471,520500,173500,38.28596
777472,521500,173500,41.35295
777473,522500,173500,45.62909
777474,523500,173500,48.85703
777475,524500,173500,54.25902
777476,525500,173500,56.27174
777477,526500,173500,58.27755
777478,527500,173500,57.38206
777479,528500,173500,57.28168
777480,529500,173500,60.75374
777481,530500,173500,60.72857
777482,531500,173500,59.92626
777483,532500,173500,54.49302
777484,533500,173500,51.98383
777485,534500,173500,51.74271
777486,535500,173500,52.91343
777487,536500,173500,54.77024
777488,537500,173500,54.09028
777489,538500,173500,52.53123
777490,539500,173500,50.39365
777491,540500,173500,49.35767
777492,541500,173500,49.50917
777493,542500,173500,47.48915
777494,543500,173500,45.95184
777495,544500,173500,44.68281
777496,545500,173500,45.17715
777497,546500,173500,45.67712
777498,547500,173500,43.84467
777499,548500,173500,41.54075
777500,549500,173500,40.18548
777501,550500,173500,41.12656
778148,507500,172500,45.32174
778149,508500,172500,45.932
778150,509500,172500,49.97199
778151,510500,172500,51.2436
778152,511500,172500,53.1398
778153,512500,172500,50.17297
778154,513500,172500,49.6892
778155,514500,172500,50.17015
778156,515500,172500,50.16108
778157,516500,172500,47.60289
778158,517500,172500,43.91281
778159,518500,172500,38.96472
778160,519500,172500,37.11386
778161,520500,172500,37.7784
778162,521500,172500,39.83558
778163,522500,172500,43.33638
778164,523500,172500,44.49693
778165,524500,172500,48.83862
778166,525500,172500,51.05674
778167,526500,172500,55.58237
778168,527500,172500,56.53072
778169,528500,172500,56.94583
778170,529500,172500,58.91282
778171,530500,172500,59.20993
778172,531500,172500,58.83205
778173,532500,172500,53.36179
778174,533500,172500,50.74069
778175,534500,172500,50.98347
778176,535500,172500,53.39347
778177,536500,172500,54.68819
778178,537500,172500,53.44263
778179,538500,172500,50.73092
778180,539500,172500,48.78701
778181,540500,172500,46.31248
778182,541500,172500,45.06347
778183,542500,172500,43.59092
778184,543500,172500,42.86216
778185,544500,172500,42.20703
778186,545500,172500,42.17587
778187,546500,172500,41.51789
778188,547500,172500,39.2913
778189,548500,172500,35.95684
778190,549500,172500,35.38297
778191,550500,172500,36.2348
778840,509500,171500,53.51342
778841,510500,171500,54.39207
778842,511500,171500,50.64841
778843,512500,171500,47.93706
778844,513500,171500,47.31582
778845,514500,171500,46.44499
778846,515500,171500,44.98323
778847,516500,171500,44.24935
778848,517500,171500,42.64746
778849,518500,171500,40.24146
778850,519500,171500,38.19318
778851,520500,171500,38.93561
778852,521500,171500,38.99536
778853,522500,171500,41.22525
778854,523500,171500,43.03844
778855,524500,171500,48.7791
778856,525500,171500,53.29692
778857,526500,171500,56.65166
778858,527500,171500,57.34981
778859,528500,171500,56.26525
778860,529500,171500,56.54994
778861,530500,171500,55.90152
778862,531500,171500,55.94821
778863,532500,171500,52.9869
778864,533500,171500,51.01681
778865,534500,171500,50.81334
778866,535500,171500,50.71225
778867,536500,171500,50.48244
778868,537500,171500,47.96734
778869,538500,171500,46.30453
778870,539500,171500,46.04491
778871,540500,171500,44.13459
778872,541500,171500,42.79251
778873,542500,171500,41.78263
778874,543500,171500,42.23881
778875,544500,171500,41.34468
778876,545500,171500,42.02095
778877,546500,171500,43.04855
778878,547500,171500,41.22709
778879,548500,171500,36.15493
778880,549500,171500,32.02258
779533,512500,170500,44.31871
779534,513500,170500,43.8981
779535,514500,170500,42.74198
779536,515500,170500,41.51746
779537,516500,170500,42.76905
779538,517500,170500,46.25034
779539,518500,170500,46.79638
779540,519500,170500,44.53356
779541,520500,170500,41.76169
779542,521500,170500,40.49494
779543,522500,170500,43.18103
779544,523500,170500,45.77252
779545,524500,170500,50.76905
779546,525500,170500,54.48247
779547,526500,170500,57.44303
779548,527500,170500,56.81727
779549,528500,170500,55.40534
779550,529500,170500,54.17935
779551,530500,170500,53.29673
779552,531500,170500,52.90423
779553,532500,170500,51.67634
779554,533500,170500,51.15938
779555,534500,170500,51.15211
779556,535500,170500,49.96788
779557,536500,170500,49.86446
779558,537500,170500,47.10026
779559,538500,170500,45.82563
779560,539500,170500,47.38125
779561,540500,170500,45.83183
779562,541500,170500,43.59856
779563,542500,170500,39.93502
779564,543500,170500,39.10209
779565,544500,170500,38.30656
779566,545500,170500,38.82413
779567,546500,170500,40.75314
779568,547500,170500,39.52446
779569,548500,170500,35.74581
779570,549500,170500,32.37551
780223,512500,169500,40.05079
780224,513500,169500,41.24294
780225,514500,169500,40.39456
780226,515500,169500,38.33453
780227,516500,169500,39.60377
780228,517500,169500,46.59837
780229,518500,169500,49.14473
780230,519500,169500,48.49366
780231,520500,169500,45.78896
780232,521500,169500,47.17734
780233,522500,169500,48.89524
780234,523500,169500,49.12927
780235,524500,169500,50.92649
780236,525500,169500,53.92566
780237,526500,169500,55.68641
780238,527500,169500,53.96462
780239,528500,169500,52.24988
780240,529500,169500,50.59829
780241,530500,169500,50.23837
780242,531500,169500,51.07652
780243,532500,169500,51.21544
780244,533500,169500,51.15571
780245,534500,169500,50.54795
780246,535500,169500,48.40943
780247,536500,169500,47.33326
780248,537500,169500,44.12291
780249,538500,169500,43.20782
780250,539500,169500,46.20152
780251,540500,169500,46.43379
780252,541500,169500,44.55801
780253,542500,169500,39.08754
780254,543500,169500,37.19519
780255,544500,169500,35.82184
780256,545500,169500,36.95433
780257,546500,169500,41.28691
780258,547500,169500,40.01869
780259,548500,169500,36.72297
780260,549500,169500,32.08213
780916,515500,168500,36.41108
780917,516500,168500,38.65889
780918,517500,168500,46.06709
780919,518500,168500,49.46544
780920,519500,168500,49.88019
780921,520500,168500,48.52185
780922,521500,168500,50.63527
780923,522500,168500,50.67392
780924,523500,168500,46.80719
780925,524500,168500,46.75071
780926,525500,168500,48.83952
780927,526500,168500,52.85485
780928,527500,168500,51.04363
780929,528500,168500,49.7626
780930,529500,168500,47.68468
780931,530500,168500,50.33574
780932,531500,168500,52.27033
780933,532500,168500,51.3421
780934,533500,168500,50.36839
780935,534500,168500,48.7037
780936,535500,168500,47.98134
780937,536500,168500,46.12062
780938,537500,168500,43.64822
780939,538500,168500,42.11706
780940,539500,168500,44.42285
780941,540500,168500,45.32767
780942,541500,168500,44.12802
780943,542500,168500,39.35714
780944,543500,168500,36.65993
780945,544500,168500,35.47496
780946,545500,168500,37.50106
780947,546500,168500,39.65618
780948,547500,168500,37.61331
780949,548500,168500,33.65075
780950,549500,168500,31.31604
781607,516500,167500,37.87302
781608,517500,167500,42.62026
781609,518500,167500,45.32451
781610,519500,167500,47.91228
781611,520500,167500,48.72543
781612,521500,167500,50.23648
781613,522500,167500,48.02278
781614,523500,167500,44.05678
781615,524500,167500,43.53304
781616,525500,167500,45.98586
781617,526500,167500,48.9903
781618,527500,167500,47.80176
781619,528500,167500,46.52206
781620,529500,167500,45.60073
781621,530500,167500,49.72661
781622,531500,167500,54.26201
781623,532500,167500,54.17995
781624,533500,167500,52.69743
781625,534500,167500,48.18288
781626,535500,167500,45.75973
781627,536500,167500,42.50964
781628,537500,167500,40.85367
781629,538500,167500,39.69146
781630,539500,167500,40.20749
781631,540500,167500,40.13814
781632,541500,167500,39.34788
781633,542500,167500,36.18279
781634,543500,167500,34.74615
781635,544500,167500,34.03859
781636,545500,167500,37.98193
781637,546500,167500,40.24753
781638,547500,167500,37.58446
781639,548500,167500,31.72148
781640,549500,167500,28.41221
782299,518500,166500,47.42654
782300,519500,166500,48.51139
782301,520500,166500,46.85403
782302,521500,166500,44.06236
782303,522500,166500,43.29197
782304,523500,166500,42.76159
782305,524500,166500,43.751
782306,525500,166500,45.0244
782307,526500,166500,46.41402
782308,527500,166500,45.69046
782309,528500,166500,44.07431
782310,529500,166500,44.64954
782311,530500,166500,48.39206
782312,531500,166500,57.46049
782313,532500,166500,57.2785
782314,533500,166500,54.65146
782315,534500,166500,46.3569
782316,535500,166500,43.42073
782317,536500,166500,41.17375
782318,537500,166500,39.71061
782319,538500,166500,39.34245
782320,539500,166500,38.19876
782321,540500,166500,36.85763
782322,541500,166500,36.27948
782323,542500,166500,34.85284
782324,543500,166500,35.14634
782325,544500,166500,34.56949
782326,545500,166500,38.12886
782327,546500,166500,37.57716
782328,547500,166500,34.37555
782329,548500,166500,28.59778
782330,549500,166500,27.82117
782989,518500,165500,46.45221
782990,519500,165500,46.84939
782991,520500,165500,44.17545
782993,522500,165500,41.34481
782994,523500,165500,43.17408
782995,524500,165500,45.01595
782996,525500,165500,46.30979
782997,526500,165500,45.84629
782998,527500,165500,45.33277
782999,528500,165500,43.14235
783000,529500,165500,43.97144
783001,530500,165500,46.641
783002,531500,165500,56.4522
783003,532500,165500,56.27892
783004,533500,165500,52.29
783005,534500,165500,42.49147
783006,535500,165500,38.80714
783007,536500,165500,37.77332
783008,537500,165500,36.93168
783009,538500,165500,36.79645
783010,539500,165500,35.67003
783011,540500,165500,34.09295
783012,541500,165500,33.53436
783013,542500,165500,32.94392
783014,543500,165500,33.96386
783015,544500,165500,34.61937
783016,545500,165500,36.40851
783017,546500,165500,35.33599
783018,547500,165500,31.63079
783019,548500,165500,27.11843
783020,549500,165500,28.85463
783678,517500,164500,38.76783
783679,518500,164500,41.97635
783680,519500,164500,40.47775
783683,522500,164500,38.32362
783684,523500,164500,41.08683
783685,524500,164500,43.23198
783686,525500,164500,44.97693
783687,526500,164500,43.84195
783688,527500,164500,43.71841
783689,528500,164500,42.92189
783690,529500,164500,43.18544
783691,530500,164500,43.86919
783692,531500,164500,51.23235
783693,532500,164500,50.24919
783694,533500,164500,46.11641
783695,534500,164500,37.51376
783696,535500,164500,35.42255
783697,536500,164500,35.33315
783698,537500,164500,34.62094
783699,538500,164500,33.61842
783700,539500,164500,31.96117
783701,540500,164500,30.65556
783702,541500,164500,30.28915
783703,542500,164500,30.41313
783704,543500,164500,30.77838
783705,544500,164500,32.41991
783706,545500,164500,33.066
783707,546500,164500,31.8707
783708,547500,164500,28.65677
783709,548500,164500,25.8225
784368,517500,163500,33.65184
784369,518500,163500,33.65731
784375,524500,163500,39.88699
784376,525500,163500,42.22898
784377,526500,163500,41.22348
784378,527500,163500,40.26905
784379,528500,163500,40.47604
784380,529500,163500,40.78795
784381,530500,163500,41.36582
784382,531500,163500,43.50347
784383,532500,163500,42.47824
784384,533500,163500,39.25715
784385,534500,163500,35.24787
784386,535500,163500,33.7064
784387,536500,163500,33.10095
784388,537500,163500,32.10414
784389,538500,163500,31.07099
784390,539500,163500,29.17207
784391,540500,163500,27.71879
784392,541500,163500,26.30125
784393,542500,163500,26.63572
784394,543500,163500,26.47324
784395,544500,163500,28.34501
784396,545500,163500,29.00414
784397,546500,163500,28.88558
784398,547500,163500,26.96602
784399,548500,163500,25.22582
785057,516500,162500,31.28512
785058,517500,162500,30.61002
785059,518500,162500,29.60969
785065,524500,162500,35.18055
785066,525500,162500,36.67978
785067,526500,162500,35.61031
785068,527500,162500,34.25449
785069,528500,162500,35.64901
785070,529500,162500,36.17188
785071,530500,162500,38.3034
785072,531500,162500,38.84661
785073,532500,162500,38.7718
785074,533500,162500,36.18399
785075,534500,162500,34.19316
785076,535500,162500,32.75414
785077,536500,162500,31.33924
785078,537500,162500,30.64958
785079,538500,162500,29.71954
785080,539500,162500,28.17846
785081,540500,162500,26.3078
785082,541500,162500,24.66605
785083,542500,162500,24.39022
785084,543500,162500,23.42666
785085,544500,162500,24.01258
785086,545500,162500,24.76733
785087,546500,162500,25.34001
785088,547500,162500,24.76986
785747,516500,161500,28.40867
785748,517500,161500,27.71053
785755,524500,161500,32.58815
785758,527500,161500,29.57917
785759,528500,161500,30.94743
785760,529500,161500,32.29519
785761,530500,161500,35.78957
785762,531500,161500,36.52666
785763,532500,161500,36.01416
785764,533500,161500,33.80234
785765,534500,161500,32.24977
785766,535500,161500,30.41124
785767,536500,161500,28.01101
785769,538500,161500,27.00103
785770,539500,161500,26.20357
785771,540500,161500,25.32138
785772,541500,161500,23.75226
785773,542500,161500,23.57897
785774,543500,161500,22.67438
785775,544500,161500,22.37852
785776,545500,161500,22.7244
785777,546500,161500,23.19631
785778,547500,161500,23.02819
786437,516500,160500,26.07519
786438,517500,160500,26.45358
786449,528500,160500,30.94085
786450,529500,160500,32.77159
786451,530500,160500,35.1653
786452,531500,160500,34.36227
786453,532500,160500,33.27806
786454,533500,160500,31.21079
786455,534500,160500,29.51652
786456,535500,160500,27.22199
786461,540500,160500,24.32423
786462,541500,160500,23.72386
786463,542500,160500,23.51945
786464,543500,160500,22.06663
786465,544500,160500,21.60092
786466,545500,160500,21.34803
787139,528500,159500,30.22921
787140,529500,159500,32.2869
787141,530500,159500,32.91629
787142,531500,159500,31.61084
787143,532500,159500,30.32355
787144,533500,159500,29.83871
787151,540500,159500,24.04794
787152,541500,159500,24.567
787153,542500,159500,24.14974
787154,543500,159500,22.04991
787155,544500,159500,21.05435
787829,528500,158500,29.15393
787830,529500,158500,30.23985
787831,530500,158500,30.65793
787832,531500,158500,28.69708
787833,532500,158500,28.39738
787834,533500,158500,28.38309
787841,540500,158500,23.66215
787842,541500,158500,24.39158
787843,542500,158500,24.26599
787844,543500,158500,22.40587
787845,544500,158500,21.34389
788520,529500,157500,27.79258
788521,530500,157500,27.91864
788522,531500,157500,27.69622
788523,532500,157500,28.13321
788531,540500,157500,22.53966
788534,543500,157500,21.85862
788535,544500,157500,20.95998
788536,545500,157500,20.43589
789211,530500,156500,25.7167
789212,531500,156500,27.08168
